[{"pos_x": 183.25, "pos_y": -108.425, "rotation": 0.0, "side": "top", "designator": "C27", "mpn": null, "pack": "CP_Elec_6.3x7.7", "value": "22u", "mount_type": "smt", "place": true}, {"pos_x": 189.811, "pos_y": -118.712, "rotation": 90.0, "side": "top", "designator": "Q3", "mpn": null, "pack": "SOT-23", "value": "BSS123", "mount_type": "smt", "place": true}, {"pos_x": 184.5, "pos_y": -125.75, "rotation": 90.0, "side": "top", "designator": "R19", "mpn": null, "pack": "R_0805_2012Metric", "value": "47", "mount_type": "smt", "place": true}, {"pos_x": 133.7, "pos_y": -117.35, "rotation": 90.0, "side": "top", "designator": "J2", "mpn": null, "pack": "U.FL_Molex_MCRF_73412-0110_Vertical", "value": "Conn_Coaxial", "mount_type": "smt", "place": true}, {"pos_x": 165.4, "pos_y": -152.875, "rotation": 0.0, "side": "top", "designator": "C24", "mpn": null, "pack": "C_0805_2012Metric", "value": "10u", "mount_type": "smt", "place": true}, {"pos_x": 270.71, "pos_y": -195.42, "rotation": 0.0, "side": "top", "designator": "H2", "mpn": null, "pack": "MountingHole_2.2mm_M2_Pad", "value": "MountingHole", "mount_type": "tht", "place": false}, {"pos_x": 176.85, "pos_y": -181.25, "rotation": 180.0, "side": "top", "designator": "SW1", "mpn": null, "pack": "SW_PUSH_6mm", "value": "Reset", "mount_type": "tht", "place": true}, {"pos_x": 85.6425, "pos_y": -136.47, "rotation": 90.0, "side": "top", "designator": "U7", "mpn": null, "pack": "RC1602A", "value": "RC1602A", "mount_type": "tht", "place": true}, {"pos_x": 212.75, "pos_y": -145.25, "rotation": 180.0, "side": "top", "designator": "R21", "mpn": null, "pack": "R_0402_1005Metric", "value": "4.7K", "mount_type": "smt", "place": true}, {"pos_x": 219.4, "pos_y": -136.2, "rotation": 0.0, "side": "top", "designator": "U4", "mpn": null, "pack": "Infineon_PG-TISON-8-5", "value": "TLI4971-A075T5", "mount_type": "smt", "place": true}, {"pos_x": 180.75, "pos_y": -134.75, "rotation": 180.0, "side": "top", "designator": "C22", "mpn": null, "pack": "C_0402_1005Metric", "value": "100n", "mount_type": "smt", "place": true}, {"pos_x": 236.42, "pos_y": -79.85, "rotation": 0.0, "side": "top", "designator": "H4", "mpn": null, "pack": "MountingHole_2.2mm_M2_Pad", "value": "MountingHole", "mount_type": "tht", "place": false}, {"pos_x": 166.697, "pos_y": -103.218, "rotation": 180.0, "side": "top", "designator": "D3", "mpn": null, "pack": "LED_0805_2012Metric", "value": "LED", "mount_type": "smt", "place": true}, {"pos_x": 211.75, "pos_y": -138.5, "rotation": 90.0, "side": "top", "designator": "C18", "mpn": null, "pack": "C_0402_1005Metric", "value": "1n", "mount_type": "smt", "place": true}, {"pos_x": 108.86, "pos_y": -188.78, "rotation": 180.0, "side": "top", "designator": "SW1", "mpn": null, "pack": "SW_PUSH_6mm", "value": "Select", "mount_type": "tht", "place": true}, {"pos_x": 184.8, "pos_y": -149.05, "rotation": 180.0, "side": "top", "designator": "F1", "mpn": null, "pack": "Fuse_0805_2012Metric", "value": "6V 0.5A", "mount_type": "smt", "place": true}, {"pos_x": 155.4, "pos_y": -144.95, "rotation": 0.0, "side": "top", "designator": "U5", "mpn": null, "pack": "SOIC-8_5.23x5.23mm_P1.27mm", "value": "W25Q128JVS", "mount_type": "smt", "place": true}, {"pos_x": 170.5, "pos_y": -166.5, "rotation": 90.0, "side": "top", "designator": "C26", "mpn": null, "pack": "C_0402_1005Metric", "value": "100n", "mount_type": "smt", "place": true}, {"pos_x": 170.5, "pos_y": -93.8, "rotation": 0.0, "side": "top", "designator": "U3", "mpn": null, "pack": "VQFN-16-1EP_3x3mm_P0.5mm_EP1.6x1.6mm", "value": "BQ24072RGT", "mount_type": "smt", "place": true}, {"pos_x": 212.671, "pos_y": -121.379, "rotation": 0.0, "side": "top", "designator": "R14", "mpn": null, "pack": "R_Axial_DIN0411_L9.9mm_D3.6mm_P15.24mm_Horizontal", "value": "220", "mount_type": "tht", "place": true}, {"pos_x": 181.683, "pos_y": -99.535, "rotation": 0.0, "side": "top", "designator": "J11", "mpn": null, "pack": "PinSocket_1x01_P2.54mm_Vertical", "value": "Charge", "mount_type": "tht", "place": true}, {"pos_x": 236.42, "pos_y": -195.42, "rotation": 0.0, "side": "top", "designator": "H8", "mpn": null, "pack": "MountingHole_2.2mm_M2_Pad", "value": "MountingHole", "mount_type": "tht", "place": false}, {"pos_x": 134.0, "pos_y": -101.0, "rotation": -90.0, "side": "top", "designator": "RV1", "mpn": null, "pack": "Potentiometer_Bourns_3296Y_Vertical", "value": "10k", "mount_type": "tht", "place": true}, {"pos_x": 165.75, "pos_y": -93.82, "rotation": 180.0, "side": "top", "designator": "C14", "mpn": null, "pack": "C_0805_2012Metric", "value": "10u", "mount_type": "smt", "place": true}, {"pos_x": 270.71, "pos_y": -79.85, "rotation": 0.0, "side": "top", "designator": "H3", "mpn": null, "pack": "MountingHole_2.2mm_M2_Pad", "value": "MountingHole", "mount_type": "tht", "place": false}, {"pos_x": 186.25, "pos_y": -134.0, "rotation": -90.0, "side": "top", "designator": "D8", "mpn": null, "pack": "D_SOD-123", "value": "B220", "mount_type": "smt", "place": true}, {"pos_x": 194.002, "pos_y": -121.381, "rotation": -90.0, "side": "top", "designator": "R19", "mpn": null, "pack": "R_0402_1005Metric", "value": "47", "mount_type": "smt", "place": true}, {"pos_x": 160.7, "pos_y": -153.0, "rotation": 0.0, "side": "top", "designator": "R5", "mpn": null, "pack": "R_0402_1005Metric", "value": "1k", "mount_type": "smt", "place": true}, {"pos_x": 160.855, "pos_y": -97.25, "rotation": 90.0, "side": "top", "designator": "C16", "mpn": null, "pack": "C_0805_2012Metric", "value": "10u", "mount_type": "smt", "place": true}, {"pos_x": 155.7, "pos_y": -158.0, "rotation": 0.0, "side": "top", "designator": "U1", "mpn": null, "pack": "QFN-56-1EP_7x7mm_P0.4mm_EP3.2x3.2mm", "value": "RP2040", "mount_type": "smt", "place": true}, {"pos_x": 157.4, "pos_y": -152.0, "rotation": -90.0, "side": "top", "designator": "R3", "mpn": null, "pack": "R_0402_1005Metric", "value": "27", "mount_type": "smt", "place": true}, {"pos_x": 133.296, "pos_y": -182.776, "rotation": -90.0, "side": "top", "designator": "R25", "mpn": null, "pack": "R_0402_1005Metric", "value": "1K", "mount_type": "smt", "place": true}, {"pos_x": 209.5, "pos_y": -140.75, "rotation": -90.0, "side": "top", "designator": "R20", "mpn": null, "pack": "R_0402_1005Metric", "value": "4.7K", "mount_type": "smt", "place": true}, {"pos_x": 189.75, "pos_y": -114.75, "rotation": -90.0, "side": "top", "designator": "R17", "mpn": null, "pack": "R_0402_1005Metric", "value": "100k", "mount_type": "smt", "place": true}, {"pos_x": 166.75, "pos_y": -98.25, "rotation": 180.0, "side": "top", "designator": "D1", "mpn": null, "pack": "LED_0805_2012Metric", "value": "LED", "mount_type": "smt", "place": true}, {"pos_x": 170.25, "pos_y": -98.25, "rotation": 0.0, "side": "top", "designator": "R15", "mpn": null, "pack": "R_0402_1005Metric", "value": "470", "mount_type": "smt", "place": true}, {"pos_x": 256.105, "pos_y": -189.705, "rotation": 0.0, "side": "top", "designator": "J6", "mpn": null, "pack": "Wuerth_REDCUBE-THR_WP-THRSH_74651195_THR", "value": "IP-", "mount_type": "smt", "place": true}, {"pos_x": 156.4, "pos_y": -152.0, "rotation": -90.0, "side": "top", "designator": "R2", "mpn": null, "pack": "R_0402_1005Metric", "value": "27", "mount_type": "smt", "place": true}, {"pos_x": 177.0, "pos_y": -129.5, "rotation": 180.0, "side": "top", "designator": "U6", "mpn": null, "pack": "SOT-223-3_TabPin2", "value": "AMS1117-3.3", "mount_type": "smt", "place": true}, {"pos_x": 211.0, "pos_y": -132.0, "rotation": 0.0, "side": "top", "designator": "C20", "mpn": null, "pack": "C_0402_1005Metric", "value": "6.8n", "mount_type": "smt", "place": true}, {"pos_x": 117.825, "pos_y": -185.225, "rotation": 90.0, "side": "top", "designator": "J9", "mpn": null, "pack": "PinSocket_2x03_P2.54mm_Vertical", "value": "Conn_02x03_Odd_Even", "mount_type": "tht", "place": true}, {"pos_x": 206.4, "pos_y": -129.975, "rotation": 0.0, "side": "top", "designator": "J7", "mpn": null, "pack": "PinHeader_1x07_P2.54mm_Vertical", "value": "Conn_01x07_Female", "mount_type": "tht", "place": true}, {"pos_x": 80.21, "pos_y": -79.85, "rotation": 0.0, "side": "top", "designator": "H5", "mpn": null, "pack": "MountingHole_2.2mm_M2_Pad", "value": "MountingHole", "mount_type": "tht", "place": false}, {"pos_x": 169.25, "pos_y": -116.045, "rotation": -90.0, "side": "top", "designator": "C25", "mpn": null, "pack": "C_0402_1005Metric", "value": "100n", "mount_type": "smt", "place": true}, {"pos_x": 176.75, "pos_y": -121.75, "rotation": 180.0, "side": "top", "designator": "D7", "mpn": null, "pack": "D_SOD-123", "value": "B220", "mount_type": "smt", "place": true}, {"pos_x": 130.121, "pos_y": -191.991, "rotation": 180.0, "side": "top", "designator": "3.3V", "mpn": null, "pack": "TestPoint_Pad_D1.0mm", "value": "TestPoint_Pad_D1.0mm", "mount_type": "tht", "place": false}, {"pos_x": 172.031, "pos_y": -103.218, "rotation": 0.0, "side": "top", "designator": "R16", "mpn": null, "pack": "R_0402_1005Metric", "value": "470", "mount_type": "smt", "place": true}, {"pos_x": 80.21, "pos_y": -195.42, "rotation": 0.0, "side": "top", "designator": "H7", "mpn": null, "pack": "MountingHole_2.2mm_M2_Pad", "value": "MountingHole", "mount_type": "tht", "place": false}, {"pos_x": 173.25, "pos_y": -166.75, "rotation": 0.0, "side": "top", "designator": "U8", "mpn": "BME280", "pack": "Pressure_Sensor_LGA-8_2.5x2.5mm_BME280", "value": "BME280", "mount_type": "smt", "place": true}, {"pos_x": 212.23, "pos_y": -127.5, "rotation": 0.0, "side": "top", "designator": "C21", "mpn": null, "pack": "C_0402_1005Metric", "value": "220n", "mount_type": "smt", "place": true}, {"pos_x": 168.75, "pos_y": -90.5, "rotation": 90.0, "side": "top", "designator": "R13", "mpn": null, "pack": "R_0402_1005Metric", "value": "1.13k", "mount_type": "smt", "place": true}, {"pos_x": 133.55, "pos_y": -186.276, "rotation": 90.0, "side": "top", "designator": "D6", "mpn": null, "pack": "LED_0805_2012Metric", "value": "PWR", "mount_type": "smt", "place": true}, {"pos_x": 174.75, "pos_y": -92.75, "rotation": 0.0, "side": "top", "designator": "R12", "mpn": null, "pack": "R_0402_1005Metric", "value": "1.18k", "mount_type": "smt", "place": true}, {"pos_x": 141.95, "pos_y": -166.5, "rotation": 180.0, "side": "top", "designator": "Y1", "mpn": null, "pack": "Crystal_HC49-U_Vertical", "value": "ABLS-12.000MHZ-B4-T", "mount_type": "tht", "place": true}, {"pos_x": 188.75, "pos_y": -129.75, "rotation": 180.0, "side": "top", "designator": "Q2", "mpn": null, "pack": "SOT-23", "value": "BSS84", "mount_type": "smt", "place": true}, {"pos_x": 158.7468, "pos_y": -140.556, "rotation": 180.0, "side": "top", "designator": "C23", "mpn": null, "pack": "C_0402_1005Metric", "value": "100n", "mount_type": "smt", "place": true}, {"pos_x": 195.653, "pos_y": -125.443, "rotation": 0.0, "side": "top", "designator": "J11", "mpn": null, "pack": "PinSocket_1x01_P2.54mm_Vertical", "value": "Charge", "mount_type": "tht", "place": true}, {"pos_x": 151.0, "pos_y": -180.0, "rotation": 0.0, "side": "top", "designator": "C3", "mpn": null, "pack": "C_0402_1005Metric", "value": "2.2u", "mount_type": "smt", "place": true}, {"pos_x": 165.3, "pos_y": -132.505, "rotation": 180.0, "side": "top", "designator": "J1", "mpn": null, "pack": "PinHeader_1x08_P2.54mm_Vertical", "value": "Conn_01x08_Female", "mount_type": "tht", "place": true}, {"pos_x": 180.05, "pos_y": -145.25, "rotation": -90.0, "side": "top", "designator": "D2", "mpn": null, "pack": "D_SOD-123", "value": "B220", "mount_type": "smt", "place": true}, {"pos_x": 153.1625, "pos_y": -173.7, "rotation": 180.0, "side": "top", "designator": "U2", "mpn": null, "pack": "SOIC-16_3.9x9.9mm_P1.27mm", "value": "74HC165", "mount_type": "smt", "place": true}, {"pos_x": 147.0, "pos_y": -166.5, "rotation": 0.0, "side": "top", "designator": "R4", "mpn": null, "pack": "R_0402_1005Metric", "value": "1k", "mount_type": "smt", "place": true}, {"pos_x": 161.1375, "pos_y": -182.4, "rotation": -90.0, "side": "top", "designator": "SW2", "mpn": null, "pack": "SW_DIP_SPSTx08_Slide_6.7x21.88mm_W7.62mm_P2.54mm_LowProfile", "value": "SW_DIP_x08", "mount_type": "tht", "place": true}, {"pos_x": 139.9, "pos_y": -132.52, "rotation": 180.0, "side": "top", "designator": "J3", "mpn": null, "pack": "PinHeader_1x08_P2.54mm_Vertical", "value": "Conn_01x08_Female", "mount_type": "tht", "place": true}, {"pos_x": 167.0, "pos_y": -177.5, "rotation": 90.0, "side": "top", "designator": "R1", "mpn": null, "pack": "R_0402_1005Metric", "value": "10k", "mount_type": "smt", "place": true}, {"pos_x": 135.074, "pos_y": -191.991, "rotation": 180.0, "side": "top", "designator": "GND", "mpn": null, "pack": "TestPoint_Pad_D1.0mm", "value": "TestPoint_Pad_D1.0mm", "mount_type": "tht", "place": false}, {"pos_x": 208.48, "pos_y": -121.379, "rotation": 0.0, "side": "top", "designator": "J10", "mpn": null, "pack": "PinSocket_1x01_P2.54mm_Vertical", "value": "Charge", "mount_type": "tht", "place": true}, {"pos_x": 146.6625, "pos_y": -148.3, "rotation": 0.0, "side": "top", "designator": "R18", "mpn": null, "pack": "R_0402_1005Metric", "value": "1k", "mount_type": "smt", "place": true}, {"pos_x": 158.0, "pos_y": -166.0, "rotation": -90.0, "side": "top", "designator": "C12", "mpn": null, "pack": "C_0402_1005Metric", "value": "100n", "mount_type": "smt", "place": true}, {"pos_x": 172.285, "pos_y": -79.85, "rotation": 0.0, "side": "top", "designator": "H1", "mpn": null, "pack": "MountingHole_2.2mm_M2_Pad", "value": "MountingHole", "mount_type": "tht", "place": false}, {"pos_x": 209.9532, "pos_y": -135.5268, "rotation": 0.0, "side": "top", "designator": "C19", "mpn": null, "pack": "C_0402_1005Metric", "value": "6.8n", "mount_type": "smt", "place": true}, {"pos_x": 189.684, "pos_y": -125.316, "rotation": 90.0, "side": "top", "designator": "D4", "mpn": null, "pack": "D_SOD-123", "value": "B220", "mount_type": "smt", "place": true}, {"pos_x": 193.4, "pos_y": -130.025, "rotation": 0.0, "side": "top", "designator": "J8", "mpn": null, "pack": "PinHeader_1x07_P2.54mm_Vertical", "value": "Conn_01x07_Female", "mount_type": "tht", "place": true}, {"pos_x": 186.25, "pos_y": -140.35, "rotation": -90.0, "side": "top", "designator": "C15", "mpn": null, "pack": "C_0805_2012Metric", "value": "4.7u", "mount_type": "smt", "place": true}, {"pos_x": 135.25, "pos_y": -141.25, "rotation": 0.0, "side": "top", "designator": "SW3", "mpn": null, "pack": "SW_PUSH_6mm", "value": "Bootsel", "mount_type": "tht", "place": true}, {"pos_x": 172.285, "pos_y": -195.42, "rotation": 0.0, "side": "top", "designator": "H6", "mpn": null, "pack": "MountingHole_2.2mm_M2_Pad", "value": "MountingHole", "mount_type": "tht", "place": false}, {"pos_x": 174.5, "pos_y": -113.5, "rotation": 180.0, "side": "top", "designator": "Q1", "mpn": null, "pack": "SOT-23", "value": "BSS84", "mount_type": "smt", "place": true}, {"pos_x": 256.105, "pos_y": -85.565, "rotation": 180.0, "side": "top", "designator": "J5", "mpn": null, "pack": "Wuerth_REDCUBE-THR_WP-THRSH_74651195_THR", "value": "IP+", "mount_type": "smt", "place": true}, {"pos_x": 210.0, "pos_y": -147.5, "rotation": -90.0, "side": "top", "designator": "C17", "mpn": null, "pack": "C_0402_1005Metric", "value": "1n", "mount_type": "smt", "place": true}, {"pos_x": 158.2625, "pos_y": -186.4, "rotation": 90.0, "side": "bottom", "designator": "R11", "mpn": null, "pack": "R_0402_1005Metric", "value": "10k", "mount_type": "smt", "place": true}, {"pos_x": 157.75, "pos_y": -160.25, "rotation": 0.0, "side": "bottom", "designator": "C5", "mpn": null, "pack": "C_0402_1005Metric", "value": "1u", "mount_type": "smt", "place": true}, {"pos_x": 142.1625, "pos_y": -186.4, "rotation": 90.0, "side": "bottom", "designator": "R7", "mpn": null, "pack": "R_0402_1005Metric", "value": "10k", "mount_type": "smt", "place": true}, {"pos_x": 141.1, "pos_y": -159.606, "rotation": 180.0, "side": "top", "designator": "C11", "mpn": null, "pack": "C_0402_1005Metric", "value": "2.2u", "mount_type": "smt", "place": true}, {"pos_x": 178.05, "pos_y": -162.8, "rotation": 0.0, "side": "bottom", "designator": "P1", "mpn": null, "pack": "USB_B_OST_USB-B1HSxx_Horizontal", "value": "USB_C_Plug_USB2.0", "mount_type": "tht", "place": true}, {"pos_x": 138.1625, "pos_y": -186.4, "rotation": 90.0, "side": "bottom", "designator": "R6", "mpn": null, "pack": "R_0402_1005Metric", "value": "10k", "mount_type": "smt", "place": true}, {"pos_x": 155.267, "pos_y": -165.956, "rotation": -90.0, "side": "top", "designator": "C9", "mpn": null, "pack": "C_0402_1005Metric", "value": "100n", "mount_type": "smt", "place": true}, {"pos_x": 137.0, "pos_y": -171.73, "rotation": 90.0, "side": "bottom", "designator": "C1", "mpn": null, "pack": "C_0402_1005Metric", "value": "27p", "mount_type": "smt", "place": true}, {"pos_x": 146.1625, "pos_y": -186.4, "rotation": 90.0, "side": "bottom", "designator": "R8", "mpn": null, "pack": "R_0402_1005Metric", "value": "10k", "mount_type": "smt", "place": true}, {"pos_x": 154.0, "pos_y": -155.75, "rotation": 180.0, "side": "bottom", "designator": "C7", "mpn": null, "pack": "C_0402_1005Metric", "value": "100n", "mount_type": "smt", "place": true}, {"pos_x": 171.0, "pos_y": -90.25, "rotation": 180.0, "side": "bottom", "designator": "C13", "mpn": null, "pack": "C_0402_1005Metric", "value": "1u", "mount_type": "smt", "place": true}, {"pos_x": 166.2625, "pos_y": -186.4, "rotation": 90.0, "side": "bottom", "designator": "R23", "mpn": null, "pack": "R_0402_1005Metric", "value": "10k", "mount_type": "smt", "place": true}, {"pos_x": 159.25, "pos_y": -162.75, "rotation": -90.0, "side": "bottom", "designator": "C6", "mpn": null, "pack": "C_0402_1005Metric", "value": "100n", "mount_type": "smt", "place": true}, {"pos_x": 142.0, "pos_y": -171.73, "rotation": 90.0, "side": "bottom", "designator": "C2", "mpn": null, "pack": "C_0402_1005Metric", "value": "27p", "mount_type": "smt", "place": true}, {"pos_x": 150.1, "pos_y": -154.399, "rotation": 180.0, "side": "top", "designator": "C4", "mpn": null, "pack": "C_0402_1005Metric", "value": "100n", "mount_type": "smt", "place": true}, {"pos_x": 161.2, "pos_y": -153.75, "rotation": 90.0, "side": "bottom", "designator": "C8", "mpn": null, "pack": "C_0402_1005Metric", "value": "2.2u", "mount_type": "smt", "place": true}, {"pos_x": 154.2625, "pos_y": -186.4, "rotation": 90.0, "side": "bottom", "designator": "R10", "mpn": null, "pack": "R_0402_1005Metric", "value": "10k", "mount_type": "smt", "place": true}, {"pos_x": 164.45, "pos_y": -84.5, "rotation": 90.0, "side": "bottom", "designator": "J4", "mpn": null, "pack": "JST_PH_S2B-PH-K_1x02_P2.00mm_Horizontal", "value": "Conn_01x02_Male", "mount_type": "tht", "place": true}, {"pos_x": 85.75, "pos_y": -144.5, "rotation": -90.0, "side": "bottom", "designator": "R24", "mpn": null, "pack": "R_0402_1005Metric", "value": "470", "mount_type": "smt", "place": true}, {"pos_x": 159.6, "pos_y": -151.25, "rotation": 90.0, "side": "top", "designator": "C10", "mpn": null, "pack": "C_0402_1005Metric", "value": "100n", "mount_type": "smt", "place": true}, {"pos_x": 162.2625, "pos_y": -186.4, "rotation": 90.0, "side": "bottom", "designator": "R22", "mpn": null, "pack": "R_0402_1005Metric", "value": "10k", "mount_type": "smt", "place": true}, {"pos_x": 150.2625, "pos_y": -186.4, "rotation": 90.0, "side": "bottom", "designator": "R9", "mpn": null, "pack": "R_0402_1005Metric", "value": "10k", "mount_type": "smt", "place": true}]