Designator,Footprint,Quantity,Value,LCSC Part #
"C1, C2",0402,2,27p,
"C10, C12, C22, C23, C25, C26, C4, C6, C7, C9",0402,10,100n,
"C11, C3, C8",0402,3,2.2u,
"C13, C5",0402,2,1u,
"C14, C16, C24",0805,3,10u,
C15,0805,1,4.7u,
"C17, C18",0402,2,1n,
"C19, C20",0402,2,6.8n,
C21,0402,1,220n,
C27,CP_Elec_6.3x7.7,1,22u,
"D1, D3",0805,2,LED,
"D2, D4, D7, D8",D_SOD-123,4,B220,
D6,0805,1,PWR,
F1,0805,1,6V 0.5A,
"H1, H2, H3, H4, H5, H6, H7, H8",MountingHole_2.2mm_M2,8,MountingHole,
"J1, J3",PinHeader_1x08_P2.54mm_Vertical,2,Conn_01x08_Female,
J2,U.FL_Molex_MCRF_73412-0110_Vertical,1,Conn_Coaxial,
J4,JST_PH_S2B-PH-K_1x02_P2.00mm_Horizontal,1,Conn_01x02_Male,
J5,Wuerth_REDCUBE-THR_WP-THRSH_74651195_THR,1,IP+,
J6,Wuerth_REDCUBE-THR_WP-THRSH_74651195_THR,1,IP-,
"J7, J8",PinHeader_1x07_P2.54mm_Vertical,2,Conn_01x07_Female,
J9,PinSocket_2x03_P2.54mm_Vertical,1,Conn_02x03_Odd_Even,
P1,USB_B_OST_USB-B1HSxx_Horizontal,1,USB_C_Plug_USB2.0,
"Q1, Q2",SOT-23,2,BSS84,
Q3,SOT-23,1,BSS123,
"R1, R10, R11, R22, R23, R6, R7, R8, R9",0402,9,10k,
R12,0402,1,1.18k,
R13,0402,1,1.13k,
"R15, R16, R24",0402,3,470,
R17,0402,1,100k,
"R18, R25, R4, R5",0402,4,1k,
R19_2,0805,1,47,
R19,0402,1,47,
"R2, R3",0402,2,27,
"R20, R21",0402,2,4.7K,
RV1,Potentiometer_Bourns_3296Y_Vertical,1,10k,
SW1,SW_PUSH_6mm,1,SW_Push,
SW2,SW_DIP_SPSTx08_Slide_6.7x21.88mm_W7.62mm_P2.54mm_LowProfile,1,SW_DIP_x08,
SW3,SW_PUSH_6mm,1,Bootsel,
U1,QFN-56-1EP_7x7mm_P0.4mm_EP3.2x3.2mm,1,RP2040,
U2,SOIC-16_3.9x9.9mm_P1.27mm,1,74HC165,
U3,VQFN-16-1EP_3x3mm_P0.5mm_EP1.6x1.6mm,1,BQ24072RGT,
U4,Infineon_PG-TISON-8-5,1,TLI4971-A075T5,
U5,SOIC-8_5.23x5.23mm_P1.27mm,1,W25Q128JVS,
U6,SOT-223-3_TabPin2,1,AMS1117-3.3,
U7,RC1602A,1,RC1602A,
U8,Pressure_Sensor_LGA-8_2.5x2.5mm_BME280,1,BME280,BME280
Y1,Crystal_HC49-U_Vertical,1,ABLS-12.000MHZ-B4-T,
